config_hash,git_commit,source_hash,prior_id,data_hash,smoke,solver,axis,level,seed,image_id,sigma_true,sigma_assumed,mask_disagreement,mask_density,psnr,ssim,lpips,residual_assumed,residual_true,residual_gap,artifact
e75ec94982975b1bd629f4e6e9fe889b9ba3832874da19662175dc2e30465e0d,uncommitted,795a99180e3da4d679d7fbf79b5646a6d30b5205e2278b687902ff70598fefb4,b5b3e9045b7173ecf10cee4f23e019c44afbf16f75553c483c60fbfb264f4d3f,ac6168d8c51a9220ff3b88b5de5c6038c357dcd1c8a36c2a1f201e2293e484e8,True,zero_filled,mask,0,0,0,0.03,0.03,0,0.25,22.6588457485,0.656826713866,0.224726319313,0.0395699590445,0.0395699590445,0,reconstructions/e75ec94982975b1bd629f4e6e9fe889b9ba3832874da19662175dc2e30465e0d/zero_filled-mask-0.0-0-0.pt
e75ec94982975b1bd629f4e6e9fe889b9ba3832874da19662175dc2e30465e0d,uncommitted,795a99180e3da4d679d7fbf79b5646a6d30b5205e2278b687902ff70598fefb4,b5b3e9045b7173ecf10cee4f23e019c44afbf16f75553c483c60fbfb264f4d3f,ac6168d8c51a9220ff3b88b5de5c6038c357dcd1c8a36c2a1f201e2293e484e8,True,tv,mask,0,0,0,0.03,0.03,0,0.25,23.1382201625,0.650396083325,0.135672137141,0.0408819019794,0.0408819019794,0,reconstructions/e75ec94982975b1bd629f4e6e9fe889b9ba3832874da19662175dc2e30465e0d/tv-mask-0.0-0-0.pt
e75ec94982975b1bd629f4e6e9fe889b9ba3832874da19662175dc2e30465e0d,uncommitted,795a99180e3da4d679d7fbf79b5646a6d30b5205e2278b687902ff70598fefb4,b5b3e9045b7173ecf10cee4f23e019c44afbf16f75553c483c60fbfb264f4d3f,ac6168d8c51a9220ff3b88b5de5c6038c357dcd1c8a36c2a1f201e2293e484e8,True,dps,mask,0,0,0,0.03,0.03,0,0.25,2.33604757711,-0.00724050155615,0.527222752571,0.870035111904,0.870035111904,0,reconstructions/e75ec94982975b1bd629f4e6e9fe889b9ba3832874da19662175dc2e30465e0d/dps-mask-0.0-0-0.pt
e75ec94982975b1bd629f4e6e9fe889b9ba3832874da19662175dc2e30465e0d,uncommitted,795a99180e3da4d679d7fbf79b5646a6d30b5205e2278b687902ff70598fefb4,b5b3e9045b7173ecf10cee4f23e019c44afbf16f75553c483c60fbfb264f4d3f,ac6168d8c51a9220ff3b88b5de5c6038c357dcd1c8a36c2a1f201e2293e484e8,True,diffpir,mask,0,0,0,0.03,0.03,0,0.25,7.24931454504,0.0593822761791,0.577634990215,0.0227851085365,0.0227851085365,0,reconstructions/e75ec94982975b1bd629f4e6e9fe889b9ba3832874da19662175dc2e30465e0d/diffpir-mask-0.0-0-0.pt
e75ec94982975b1bd629f4e6e9fe889b9ba3832874da19662175dc2e30465e0d,uncommitted,795a99180e3da4d679d7fbf79b5646a6d30b5205e2278b687902ff70598fefb4,b5b3e9045b7173ecf10cee4f23e019c44afbf16f75553c483c60fbfb264f4d3f,ac6168d8c51a9220ff3b88b5de5c6038c357dcd1c8a36c2a1f201e2293e484e8,True,pigdm,mask,0,0,0,0.03,0.03,0,0.25,7.85417966392,0.0646982328517,0.574036538601,0.0675204768777,0.0675204768777,0,reconstructions/e75ec94982975b1bd629f4e6e9fe889b9ba3832874da19662175dc2e30465e0d/pigdm-mask-0.0-0-0.pt
e75ec94982975b1bd629f4e6e9fe889b9ba3832874da19662175dc2e30465e0d,uncommitted,795a99180e3da4d679d7fbf79b5646a6d30b5205e2278b687902ff70598fefb4,b5b3e9045b7173ecf10cee4f23e019c44afbf16f75553c483c60fbfb264f4d3f,ac6168d8c51a9220ff3b88b5de5c6038c357dcd1c8a36c2a1f201e2293e484e8,True,zero_filled,mask,0.125,0,0,0.03,0.03,0.125,0.25,22.0668523547,0.621529749606,0.256686657667,0.0530316755176,0.0530316755176,0,reconstructions/e75ec94982975b1bd629f4e6e9fe889b9ba3832874da19662175dc2e30465e0d/zero_filled-mask-0.125-0-0.pt
e75ec94982975b1bd629f4e6e9fe889b9ba3832874da19662175dc2e30465e0d,uncommitted,795a99180e3da4d679d7fbf79b5646a6d30b5205e2278b687902ff70598fefb4,b5b3e9045b7173ecf10cee4f23e019c44afbf16f75553c483c60fbfb264f4d3f,ac6168d8c51a9220ff3b88b5de5c6038c357dcd1c8a36c2a1f201e2293e484e8,True,tv,mask,0.125,0,0,0.03,0.03,0.125,0.25,22.2850062239,0.600781207176,0.160961598158,0.0553691238165,0.0546687878668,-0.000700335949659,reconstructions/e75ec94982975b1bd629f4e6e9fe889b9ba3832874da19662175dc2e30465e0d/tv-mask-0.125-0-0.pt
e75ec94982975b1bd629f4e6e9fe889b9ba3832874da19662175dc2e30465e0d,uncommitted,795a99180e3da4d679d7fbf79b5646a6d30b5205e2278b687902ff70598fefb4,b5b3e9045b7173ecf10cee4f23e019c44afbf16f75553c483c60fbfb264f4d3f,ac6168d8c51a9220ff3b88b5de5c6038c357dcd1c8a36c2a1f201e2293e484e8,True,dps,mask,0.125,0,0,0.03,0.03,0.125,0.25,2.3365574353,-0.00724526045615,0.527229845524,0.883044362068,0.870103180408,-0.0129411816597,reconstructions/e75ec94982975b1bd629f4e6e9fe889b9ba3832874da19662175dc2e30465e0d/dps-mask-0.125-0-0.pt
e75ec94982975b1bd629f4e6e9fe889b9ba3832874da19662175dc2e30465e0d,uncommitted,795a99180e3da4d679d7fbf79b5646a6d30b5205e2278b687902ff70598fefb4,b5b3e9045b7173ecf10cee4f23e019c44afbf16f75553c483c60fbfb264f4d3f,ac6168d8c51a9220ff3b88b5de5c6038c357dcd1c8a36c2a1f201e2293e484e8,True,diffpir,mask,0.125,0,0,0.03,0.03,0.125,0.25,7.46657803773,0.0626030198195,0.626565694809,0.0465217195451,0.213718920946,0.167197201401,reconstructions/e75ec94982975b1bd629f4e6e9fe889b9ba3832874da19662175dc2e30465e0d/diffpir-mask-0.125-0-0.pt
e75ec94982975b1bd629f4e6e9fe889b9ba3832874da19662175dc2e30465e0d,uncommitted,795a99180e3da4d679d7fbf79b5646a6d30b5205e2278b687902ff70598fefb4,b5b3e9045b7173ecf10cee4f23e019c44afbf16f75553c483c60fbfb264f4d3f,ac6168d8c51a9220ff3b88b5de5c6038c357dcd1c8a36c2a1f201e2293e484e8,True,pigdm,mask,0.125,0,0,0.03,0.03,0.125,0.25,8.08118166553,0.0677022286996,0.613951385021,0.0818890333176,0.211441859603,0.129552826285,reconstructions/e75ec94982975b1bd629f4e6e9fe889b9ba3832874da19662175dc2e30465e0d/pigdm-mask-0.125-0-0.pt
e75ec94982975b1bd629f4e6e9fe889b9ba3832874da19662175dc2e30465e0d,uncommitted,795a99180e3da4d679d7fbf79b5646a6d30b5205e2278b687902ff70598fefb4,b5b3e9045b7173ecf10cee4f23e019c44afbf16f75553c483c60fbfb264f4d3f,ac6168d8c51a9220ff3b88b5de5c6038c357dcd1c8a36c2a1f201e2293e484e8,True,zero_filled,mask,0.25,0,0,0.03,0.03,0.25,0.25,21.6342205313,0.586842017313,0.355481922626,0.062655210495,0.0626552179456,7.45058059692e-09,reconstructions/e75ec94982975b1bd629f4e6e9fe889b9ba3832874da19662175dc2e30465e0d/zero_filled-mask-0.25-0-0.pt
e75ec94982975b1bd629f4e6e9fe889b9ba3832874da19662175dc2e30465e0d,uncommitted,795a99180e3da4d679d7fbf79b5646a6d30b5205e2278b687902ff70598fefb4,b5b3e9045b7173ecf10cee4f23e019c44afbf16f75553c483c60fbfb264f4d3f,ac6168d8c51a9220ff3b88b5de5c6038c357dcd1c8a36c2a1f201e2293e484e8,True,tv,mask,0.25,0,0,0.03,0.03,0.25,0.25,21.7687521811,0.563797266878,0.257120043039,0.0642072185874,0.0638283267617,-0.000378891825676,reconstructions/e75ec94982975b1bd629f4e6e9fe889b9ba3832874da19662175dc2e30465e0d/tv-mask-0.25-0-0.pt
e75ec94982975b1bd629f4e6e9fe889b9ba3832874da19662175dc2e30465e0d,uncommitted,795a99180e3da4d679d7fbf79b5646a6d30b5205e2278b687902ff70598fefb4,b5b3e9045b7173ecf10cee4f23e019c44afbf16f75553c483c60fbfb264f4d3f,ac6168d8c51a9220ff3b88b5de5c6038c357dcd1c8a36c2a1f201e2293e484e8,True,dps,mask,0.25,0,0,0.03,0.03,0.25,0.25,2.33611747124,-0.00725462121594,0.527212738991,0.873187124729,0.870147645473,-0.00303947925568,reconstructions/e75ec94982975b1bd629f4e6e9fe889b9ba3832874da19662175dc2e30465e0d/dps-mask-0.25-0-0.pt
e75ec94982975b1bd629f4e6e9fe889b9ba3832874da19662175dc2e30465e0d,uncommitted,795a99180e3da4d679d7fbf79b5646a6d30b5205e2278b687902ff70598fefb4,b5b3e9045b7173ecf10cee4f23e019c44afbf16f75553c483c60fbfb264f4d3f,ac6168d8c51a9220ff3b88b5de5c6038c357dcd1c8a36c2a1f201e2293e484e8,True,diffpir,mask,0.25,0,0,0.03,0.03,0.25,0.25,7.11480522127,0.0481408692712,0.594256639481,0.060306109488,0.295046836138,0.23474072665,reconstructions/e75ec94982975b1bd629f4e6e9fe889b9ba3832874da19662175dc2e30465e0d/diffpir-mask-0.25-0-0.pt
e75ec94982975b1bd629f4e6e9fe889b9ba3832874da19662175dc2e30465e0d,uncommitted,795a99180e3da4d679d7fbf79b5646a6d30b5205e2278b687902ff70598fefb4,b5b3e9045b7173ecf10cee4f23e019c44afbf16f75553c483c60fbfb264f4d3f,ac6168d8c51a9220ff3b88b5de5c6038c357dcd1c8a36c2a1f201e2293e484e8,True,pigdm,mask,0.25,0,0,0.03,0.03,0.25,0.25,7.67043458489,0.0528041087992,0.587587833405,0.0901711136103,0.282358080149,0.192186966538,reconstructions/e75ec94982975b1bd629f4e6e9fe889b9ba3832874da19662175dc2e30465e0d/pigdm-mask-0.25-0-0.pt
e75ec94982975b1bd629f4e6e9fe889b9ba3832874da19662175dc2e30465e0d,uncommitted,795a99180e3da4d679d7fbf79b5646a6d30b5205e2278b687902ff70598fefb4,b5b3e9045b7173ecf10cee4f23e019c44afbf16f75553c483c60fbfb264f4d3f,ac6168d8c51a9220ff3b88b5de5c6038c357dcd1c8a36c2a1f201e2293e484e8,True,zero_filled,noise,-1,0,0,0.03,0.0110363832351,0,0.25,22.6588457485,0.656826713866,0.224726319313,0.0395699590445,0.0395699590445,0,reconstructions/e75ec94982975b1bd629f4e6e9fe889b9ba3832874da19662175dc2e30465e0d/zero_filled-noise--1.0-0-0.pt
e75ec94982975b1bd629f4e6e9fe889b9ba3832874da19662175dc2e30465e0d,uncommitted,795a99180e3da4d679d7fbf79b5646a6d30b5205e2278b687902ff70598fefb4,b5b3e9045b7173ecf10cee4f23e019c44afbf16f75553c483c60fbfb264f4d3f,ac6168d8c51a9220ff3b88b5de5c6038c357dcd1c8a36c2a1f201e2293e484e8,True,tv,noise,-1,0,0,0.03,0.0110363832351,0,0.25,23.1382201625,0.650396083325,0.135672137141,0.0408819019794,0.0408819019794,0,reconstructions/e75ec94982975b1bd629f4e6e9fe889b9ba3832874da19662175dc2e30465e0d/tv-noise--1.0-0-0.pt
e75ec94982975b1bd629f4e6e9fe889b9ba3832874da19662175dc2e30465e0d,uncommitted,795a99180e3da4d679d7fbf79b5646a6d30b5205e2278b687902ff70598fefb4,b5b3e9045b7173ecf10cee4f23e019c44afbf16f75553c483c60fbfb264f4d3f,ac6168d8c51a9220ff3b88b5de5c6038c357dcd1c8a36c2a1f201e2293e484e8,True,dps,noise,-1,0,0,0.03,0.0110363832351,0,0.25,2.33604757711,-0.00724050155615,0.527222752571,0.870035111904,0.870035111904,0,reconstructions/e75ec94982975b1bd629f4e6e9fe889b9ba3832874da19662175dc2e30465e0d/dps-noise--1.0-0-0.pt
e75ec94982975b1bd629f4e6e9fe889b9ba3832874da19662175dc2e30465e0d,uncommitted,795a99180e3da4d679d7fbf79b5646a6d30b5205e2278b687902ff70598fefb4,b5b3e9045b7173ecf10cee4f23e019c44afbf16f75553c483c60fbfb264f4d3f,ac6168d8c51a9220ff3b88b5de5c6038c357dcd1c8a36c2a1f201e2293e484e8,True,diffpir,noise,-1,0,0,0.03,0.0110363832351,0,0.25,7.24904308321,0.0599357907388,0.575534462929,0.018954096362,0.018954096362,0,reconstructions/e75ec94982975b1bd629f4e6e9fe889b9ba3832874da19662175dc2e30465e0d/diffpir-noise--1.0-0-0.pt
e75ec94982975b1bd629f4e6e9fe889b9ba3832874da19662175dc2e30465e0d,uncommitted,795a99180e3da4d679d7fbf79b5646a6d30b5205e2278b687902ff70598fefb4,b5b3e9045b7173ecf10cee4f23e019c44afbf16f75553c483c60fbfb264f4d3f,ac6168d8c51a9220ff3b88b5de5c6038c357dcd1c8a36c2a1f201e2293e484e8,True,pigdm,noise,-1,0,0,0.03,0.0110363832351,0,0.25,7.87649023022,0.0664165334459,0.572192549706,0.0505196005106,0.0505196005106,0,reconstructions/e75ec94982975b1bd629f4e6e9fe889b9ba3832874da19662175dc2e30465e0d/pigdm-noise--1.0-0-0.pt
e75ec94982975b1bd629f4e6e9fe889b9ba3832874da19662175dc2e30465e0d,uncommitted,795a99180e3da4d679d7fbf79b5646a6d30b5205e2278b687902ff70598fefb4,b5b3e9045b7173ecf10cee4f23e019c44afbf16f75553c483c60fbfb264f4d3f,ac6168d8c51a9220ff3b88b5de5c6038c357dcd1c8a36c2a1f201e2293e484e8,True,zero_filled,noise,0,0,0,0.03,0.03,0,0.25,22.6588457485,0.656826713866,0.224726319313,0.0395699590445,0.0395699590445,0,reconstructions/e75ec94982975b1bd629f4e6e9fe889b9ba3832874da19662175dc2e30465e0d/zero_filled-noise-0.0-0-0.pt
e75ec94982975b1bd629f4e6e9fe889b9ba3832874da19662175dc2e30465e0d,uncommitted,795a99180e3da4d679d7fbf79b5646a6d30b5205e2278b687902ff70598fefb4,b5b3e9045b7173ecf10cee4f23e019c44afbf16f75553c483c60fbfb264f4d3f,ac6168d8c51a9220ff3b88b5de5c6038c357dcd1c8a36c2a1f201e2293e484e8,True,tv,noise,0,0,0,0.03,0.03,0,0.25,23.1382201625,0.650396083325,0.135672137141,0.0408819019794,0.0408819019794,0,reconstructions/e75ec94982975b1bd629f4e6e9fe889b9ba3832874da19662175dc2e30465e0d/tv-noise-0.0-0-0.pt
e75ec94982975b1bd629f4e6e9fe889b9ba3832874da19662175dc2e30465e0d,uncommitted,795a99180e3da4d679d7fbf79b5646a6d30b5205e2278b687902ff70598fefb4,b5b3e9045b7173ecf10cee4f23e019c44afbf16f75553c483c60fbfb264f4d3f,ac6168d8c51a9220ff3b88b5de5c6038c357dcd1c8a36c2a1f201e2293e484e8,True,dps,noise,0,0,0,0.03,0.03,0,0.25,2.33604757711,-0.00724050155615,0.527222752571,0.870035111904,0.870035111904,0,reconstructions/e75ec94982975b1bd629f4e6e9fe889b9ba3832874da19662175dc2e30465e0d/dps-noise-0.0-0-0.pt
e75ec94982975b1bd629f4e6e9fe889b9ba3832874da19662175dc2e30465e0d,uncommitted,795a99180e3da4d679d7fbf79b5646a6d30b5205e2278b687902ff70598fefb4,b5b3e9045b7173ecf10cee4f23e019c44afbf16f75553c483c60fbfb264f4d3f,ac6168d8c51a9220ff3b88b5de5c6038c357dcd1c8a36c2a1f201e2293e484e8,True,diffpir,noise,0,0,0,0.03,0.03,0,0.25,7.24931454504,0.0593822761791,0.577634990215,0.0227851085365,0.0227851085365,0,reconstructions/e75ec94982975b1bd629f4e6e9fe889b9ba3832874da19662175dc2e30465e0d/diffpir-noise-0.0-0-0.pt
e75ec94982975b1bd629f4e6e9fe889b9ba3832874da19662175dc2e30465e0d,uncommitted,795a99180e3da4d679d7fbf79b5646a6d30b5205e2278b687902ff70598fefb4,b5b3e9045b7173ecf10cee4f23e019c44afbf16f75553c483c60fbfb264f4d3f,ac6168d8c51a9220ff3b88b5de5c6038c357dcd1c8a36c2a1f201e2293e484e8,True,pigdm,noise,0,0,0,0.03,0.03,0,0.25,7.85417966392,0.0646982328517,0.574036538601,0.0675204768777,0.0675204768777,0,reconstructions/e75ec94982975b1bd629f4e6e9fe889b9ba3832874da19662175dc2e30465e0d/pigdm-noise-0.0-0-0.pt
e75ec94982975b1bd629f4e6e9fe889b9ba3832874da19662175dc2e30465e0d,uncommitted,795a99180e3da4d679d7fbf79b5646a6d30b5205e2278b687902ff70598fefb4,b5b3e9045b7173ecf10cee4f23e019c44afbf16f75553c483c60fbfb264f4d3f,ac6168d8c51a9220ff3b88b5de5c6038c357dcd1c8a36c2a1f201e2293e484e8,True,zero_filled,noise,1,0,0,0.03,0.0815484548538,0,0.25,22.6588457485,0.656826713866,0.224726319313,0.0395699590445,0.0395699590445,0,reconstructions/e75ec94982975b1bd629f4e6e9fe889b9ba3832874da19662175dc2e30465e0d/zero_filled-noise-1.0-0-0.pt
e75ec94982975b1bd629f4e6e9fe889b9ba3832874da19662175dc2e30465e0d,uncommitted,795a99180e3da4d679d7fbf79b5646a6d30b5205e2278b687902ff70598fefb4,b5b3e9045b7173ecf10cee4f23e019c44afbf16f75553c483c60fbfb264f4d3f,ac6168d8c51a9220ff3b88b5de5c6038c357dcd1c8a36c2a1f201e2293e484e8,True,tv,noise,1,0,0,0.03,0.0815484548538,0,0.25,23.1382201625,0.650396083325,0.135672137141,0.0408819019794,0.0408819019794,0,reconstructions/e75ec94982975b1bd629f4e6e9fe889b9ba3832874da19662175dc2e30465e0d/tv-noise-1.0-0-0.pt
e75ec94982975b1bd629f4e6e9fe889b9ba3832874da19662175dc2e30465e0d,uncommitted,795a99180e3da4d679d7fbf79b5646a6d30b5205e2278b687902ff70598fefb4,b5b3e9045b7173ecf10cee4f23e019c44afbf16f75553c483c60fbfb264f4d3f,ac6168d8c51a9220ff3b88b5de5c6038c357dcd1c8a36c2a1f201e2293e484e8,True,dps,noise,1,0,0,0.03,0.0815484548538,0,0.25,2.33604757711,-0.00724050155615,0.527222752571,0.870035111904,0.870035111904,0,reconstructions/e75ec94982975b1bd629f4e6e9fe889b9ba3832874da19662175dc2e30465e0d/dps-noise-1.0-0-0.pt
e75ec94982975b1bd629f4e6e9fe889b9ba3832874da19662175dc2e30465e0d,uncommitted,795a99180e3da4d679d7fbf79b5646a6d30b5205e2278b687902ff70598fefb4,b5b3e9045b7173ecf10cee4f23e019c44afbf16f75553c483c60fbfb264f4d3f,ac6168d8c51a9220ff3b88b5de5c6038c357dcd1c8a36c2a1f201e2293e484e8,True,diffpir,noise,1,0,0,0.03,0.0815484548538,0,0.25,7.21474799813,0.0571325853007,0.580868184566,0.0517338737845,0.0517338737845,0,reconstructions/e75ec94982975b1bd629f4e6e9fe889b9ba3832874da19662175dc2e30465e0d/diffpir-noise-1.0-0-0.pt
e75ec94982975b1bd629f4e6e9fe889b9ba3832874da19662175dc2e30465e0d,uncommitted,795a99180e3da4d679d7fbf79b5646a6d30b5205e2278b687902ff70598fefb4,b5b3e9045b7173ecf10cee4f23e019c44afbf16f75553c483c60fbfb264f4d3f,ac6168d8c51a9220ff3b88b5de5c6038c357dcd1c8a36c2a1f201e2293e484e8,True,pigdm,noise,1,0,0,0.03,0.0815484548538,0,0.25,7.68476438365,0.0579673097122,0.579357743263,0.123818591237,0.123818591237,0,reconstructions/e75ec94982975b1bd629f4e6e9fe889b9ba3832874da19662175dc2e30465e0d/pigdm-noise-1.0-0-0.pt
e75ec94982975b1bd629f4e6e9fe889b9ba3832874da19662175dc2e30465e0d,uncommitted,795a99180e3da4d679d7fbf79b5646a6d30b5205e2278b687902ff70598fefb4,b5b3e9045b7173ecf10cee4f23e019c44afbf16f75553c483c60fbfb264f4d3f,ac6168d8c51a9220ff3b88b5de5c6038c357dcd1c8a36c2a1f201e2293e484e8,True,zero_filled,sensitivity,0,0,0,0.03,0.03,0,0.25,22.6588457485,0.656826713866,0.224726319313,0.0395699590445,0.0395699590445,0,reconstructions/e75ec94982975b1bd629f4e6e9fe889b9ba3832874da19662175dc2e30465e0d/zero_filled-sensitivity-0.0-0-0.pt
e75ec94982975b1bd629f4e6e9fe889b9ba3832874da19662175dc2e30465e0d,uncommitted,795a99180e3da4d679d7fbf79b5646a6d30b5205e2278b687902ff70598fefb4,b5b3e9045b7173ecf10cee4f23e019c44afbf16f75553c483c60fbfb264f4d3f,ac6168d8c51a9220ff3b88b5de5c6038c357dcd1c8a36c2a1f201e2293e484e8,True,tv,sensitivity,0,0,0,0.03,0.03,0,0.25,23.1382201625,0.650396083325,0.135672137141,0.0408819019794,0.0408819019794,0,reconstructions/e75ec94982975b1bd629f4e6e9fe889b9ba3832874da19662175dc2e30465e0d/tv-sensitivity-0.0-0-0.pt
e75ec94982975b1bd629f4e6e9fe889b9ba3832874da19662175dc2e30465e0d,uncommitted,795a99180e3da4d679d7fbf79b5646a6d30b5205e2278b687902ff70598fefb4,b5b3e9045b7173ecf10cee4f23e019c44afbf16f75553c483c60fbfb264f4d3f,ac6168d8c51a9220ff3b88b5de5c6038c357dcd1c8a36c2a1f201e2293e484e8,True,dps,sensitivity,0,0,0,0.03,0.03,0,0.25,2.33604757711,-0.00724050155615,0.527222752571,0.870035111904,0.870035111904,0,reconstructions/e75ec94982975b1bd629f4e6e9fe889b9ba3832874da19662175dc2e30465e0d/dps-sensitivity-0.0-0-0.pt
e75ec94982975b1bd629f4e6e9fe889b9ba3832874da19662175dc2e30465e0d,uncommitted,795a99180e3da4d679d7fbf79b5646a6d30b5205e2278b687902ff70598fefb4,b5b3e9045b7173ecf10cee4f23e019c44afbf16f75553c483c60fbfb264f4d3f,ac6168d8c51a9220ff3b88b5de5c6038c357dcd1c8a36c2a1f201e2293e484e8,True,diffpir,sensitivity,0,0,0,0.03,0.03,0,0.25,7.24931454504,0.0593822761791,0.577634990215,0.0227851085365,0.0227851085365,0,reconstructions/e75ec94982975b1bd629f4e6e9fe889b9ba3832874da19662175dc2e30465e0d/diffpir-sensitivity-0.0-0-0.pt
e75ec94982975b1bd629f4e6e9fe889b9ba3832874da19662175dc2e30465e0d,uncommitted,795a99180e3da4d679d7fbf79b5646a6d30b5205e2278b687902ff70598fefb4,b5b3e9045b7173ecf10cee4f23e019c44afbf16f75553c483c60fbfb264f4d3f,ac6168d8c51a9220ff3b88b5de5c6038c357dcd1c8a36c2a1f201e2293e484e8,True,pigdm,sensitivity,0,0,0,0.03,0.03,0,0.25,7.85417966392,0.0646982328517,0.574036538601,0.0675204768777,0.0675204768777,0,reconstructions/e75ec94982975b1bd629f4e6e9fe889b9ba3832874da19662175dc2e30465e0d/pigdm-sensitivity-0.0-0-0.pt
e75ec94982975b1bd629f4e6e9fe889b9ba3832874da19662175dc2e30465e0d,uncommitted,795a99180e3da4d679d7fbf79b5646a6d30b5205e2278b687902ff70598fefb4,b5b3e9045b7173ecf10cee4f23e019c44afbf16f75553c483c60fbfb264f4d3f,ac6168d8c51a9220ff3b88b5de5c6038c357dcd1c8a36c2a1f201e2293e484e8,True,zero_filled,sensitivity,0.25,0,0,0.03,0.03,0,0.25,22.318028792,0.657101770439,0.218617558479,0.167471975088,0.0513497851789,-0.116122189909,reconstructions/e75ec94982975b1bd629f4e6e9fe889b9ba3832874da19662175dc2e30465e0d/zero_filled-sensitivity-0.25-0-0.pt
e75ec94982975b1bd629f4e6e9fe889b9ba3832874da19662175dc2e30465e0d,uncommitted,795a99180e3da4d679d7fbf79b5646a6d30b5205e2278b687902ff70598fefb4,b5b3e9045b7173ecf10cee4f23e019c44afbf16f75553c483c60fbfb264f4d3f,ac6168d8c51a9220ff3b88b5de5c6038c357dcd1c8a36c2a1f201e2293e484e8,True,tv,sensitivity,0.25,0,0,0.03,0.03,0,0.25,22.659901425,0.647696127634,0.137742549181,0.16759763658,0.0536215864122,-0.113976050168,reconstructions/e75ec94982975b1bd629f4e6e9fe889b9ba3832874da19662175dc2e30465e0d/tv-sensitivity-0.25-0-0.pt
e75ec94982975b1bd629f4e6e9fe889b9ba3832874da19662175dc2e30465e0d,uncommitted,795a99180e3da4d679d7fbf79b5646a6d30b5205e2278b687902ff70598fefb4,b5b3e9045b7173ecf10cee4f23e019c44afbf16f75553c483c60fbfb264f4d3f,ac6168d8c51a9220ff3b88b5de5c6038c357dcd1c8a36c2a1f201e2293e484e8,True,dps,sensitivity,0.25,0,0,0.03,0.03,0,0.25,2.33450364211,-0.00724443308328,0.527230620384,0.883513391018,0.872408092022,-0.011105298996,reconstructions/e75ec94982975b1bd629f4e6e9fe889b9ba3832874da19662175dc2e30465e0d/dps-sensitivity-0.25-0-0.pt
e75ec94982975b1bd629f4e6e9fe889b9ba3832874da19662175dc2e30465e0d,uncommitted,795a99180e3da4d679d7fbf79b5646a6d30b5205e2278b687902ff70598fefb4,b5b3e9045b7173ecf10cee4f23e019c44afbf16f75553c483c60fbfb264f4d3f,ac6168d8c51a9220ff3b88b5de5c6038c357dcd1c8a36c2a1f201e2293e484e8,True,diffpir,sensitivity,0.25,0,0,0.03,0.03,0,0.25,7.20743872708,0.0589600337358,0.57774746418,0.163932934403,0.0502047613263,-0.113728173077,reconstructions/e75ec94982975b1bd629f4e6e9fe889b9ba3832874da19662175dc2e30465e0d/diffpir-sensitivity-0.25-0-0.pt
e75ec94982975b1bd629f4e6e9fe889b9ba3832874da19662175dc2e30465e0d,uncommitted,795a99180e3da4d679d7fbf79b5646a6d30b5205e2278b687902ff70598fefb4,b5b3e9045b7173ecf10cee4f23e019c44afbf16f75553c483c60fbfb264f4d3f,ac6168d8c51a9220ff3b88b5de5c6038c357dcd1c8a36c2a1f201e2293e484e8,True,pigdm,sensitivity,0.25,0,0,0.03,0.03,0,0.25,7.80625420038,0.0642601398392,0.575297892094,0.175771564245,0.0786842256784,-0.0970873385668,reconstructions/e75ec94982975b1bd629f4e6e9fe889b9ba3832874da19662175dc2e30465e0d/pigdm-sensitivity-0.25-0-0.pt
e75ec94982975b1bd629f4e6e9fe889b9ba3832874da19662175dc2e30465e0d,uncommitted,795a99180e3da4d679d7fbf79b5646a6d30b5205e2278b687902ff70598fefb4,b5b3e9045b7173ecf10cee4f23e019c44afbf16f75553c483c60fbfb264f4d3f,ac6168d8c51a9220ff3b88b5de5c6038c357dcd1c8a36c2a1f201e2293e484e8,True,zero_filled,sensitivity,0.5,0,0,0.03,0.03,0,0.25,20.8929561678,0.63903167768,0.243092060089,0.323351204395,0.0907994359732,-0.232551768422,reconstructions/e75ec94982975b1bd629f4e6e9fe889b9ba3832874da19662175dc2e30465e0d/zero_filled-sensitivity-0.5-0-0.pt
e75ec94982975b1bd629f4e6e9fe889b9ba3832874da19662175dc2e30465e0d,uncommitted,795a99180e3da4d679d7fbf79b5646a6d30b5205e2278b687902ff70598fefb4,b5b3e9045b7173ecf10cee4f23e019c44afbf16f75553c483c60fbfb264f4d3f,ac6168d8c51a9220ff3b88b5de5c6038c357dcd1c8a36c2a1f201e2293e484e8,True,tv,sensitivity,0.5,0,0,0.03,0.03,0,0.25,20.9226200909,0.617943023503,0.15409758687,0.323112249374,0.0950241684914,-0.228088080883,reconstructions/e75ec94982975b1bd629f4e6e9fe889b9ba3832874da19662175dc2e30465e0d/tv-sensitivity-0.5-0-0.pt
e75ec94982975b1bd629f4e6e9fe889b9ba3832874da19662175dc2e30465e0d,uncommitted,795a99180e3da4d679d7fbf79b5646a6d30b5205e2278b687902ff70598fefb4,b5b3e9045b7173ecf10cee4f23e019c44afbf16f75553c483c60fbfb264f4d3f,ac6168d8c51a9220ff3b88b5de5c6038c357dcd1c8a36c2a1f201e2293e484e8,True,dps,sensitivity,0.5,0,0,0.03,0.03,0,0.25,2.33070910813,-0.0072553247174,0.527243256569,0.918312430382,0.876725614071,-0.0415868163109,reconstructions/e75ec94982975b1bd629f4e6e9fe889b9ba3832874da19662175dc2e30465e0d/dps-sensitivity-0.5-0-0.pt
e75ec94982975b1bd629f4e6e9fe889b9ba3832874da19662175dc2e30465e0d,uncommitted,795a99180e3da4d679d7fbf79b5646a6d30b5205e2278b687902ff70598fefb4,b5b3e9045b7173ecf10cee4f23e019c44afbf16f75553c483c60fbfb264f4d3f,ac6168d8c51a9220ff3b88b5de5c6038c357dcd1c8a36c2a1f201e2293e484e8,True,diffpir,sensitivity,0.5,0,0,0.03,0.03,0,0.25,7.08301475703,0.0558467654737,0.579822659492,0.321028262377,0.105908915401,-0.215119346976,reconstructions/e75ec94982975b1bd629f4e6e9fe889b9ba3832874da19662175dc2e30465e0d/diffpir-sensitivity-0.5-0-0.pt
e75ec94982975b1bd629f4e6e9fe889b9ba3832874da19662175dc2e30465e0d,uncommitted,795a99180e3da4d679d7fbf79b5646a6d30b5205e2278b687902ff70598fefb4,b5b3e9045b7173ecf10cee4f23e019c44afbf16f75553c483c60fbfb264f4d3f,ac6168d8c51a9220ff3b88b5de5c6038c357dcd1c8a36c2a1f201e2293e484e8,True,pigdm,sensitivity,0.5,0,0,0.03,0.03,0,0.25,7.66726204068,0.0607692215988,0.57860660553,0.327215909958,0.119953885674,-0.207262024283,reconstructions/e75ec94982975b1bd629f4e6e9fe889b9ba3832874da19662175dc2e30465e0d/pigdm-sensitivity-0.5-0-0.pt
